{
    "(A - B) / C + (A + B) * (C - D) * E": {
        "absoluteError": 4.943753957171479e-05,
        "relativeError": 0.06263736263736264,
        "value": -1267.0
    }
}