{
    "0": {
        "Gauss": [
            1.0,
            2.0
        ],
        "Jacobi": [
            4.0,
            2.0,
            3.0,
            4.0,
            5.0
        ],
        "Relaxation": [
            3.0,
            2.0,
            3.0,
            4.0,
            5.0
        ],
        "Seidel": [
            2.0,
            2.0,
            3.0,
            4.0,
            5.0
        ]
    },
    "1": {
        "Gauss": [
            0.08643203848878947,
            -0.03640464172049703,
            0.030832699381390924,
            0.2510538782440452
        ],
        "Jacobi": [
            4.0,
            2.0,
            3.0,
            4.0,
            5.0
        ],
        "Relaxation": [
            3.0,
            2.0,
            3.0,
            4.0,
            5.0
        ],
        "Seidel": [
            2.0,
            2.0,
            3.0,
            4.0,
            5.0
        ]
    },
    "10": {
        "Gauss": [
            0.16825835602663028,
            0.10606025675279422,
            0.08207046546322908,
            -0.02295603591852905
        ],
        "Jacobi": [
            4.0,
            2.0,
            3.0,
            4.0,
            5.0
        ],
        "Relaxation": [
            3.0,
            2.0,
            3.0,
            4.0,
            5.0
        ],
        "Seidel": [
            2.0,
            2.0,
            3.0,
            4.0,
            5.0
        ]
    },
    "11": {
        "Gauss": [
            0.10682498111349212,
            0.1415758802969729,
            0.1548285591224736,
            0.000190530782067169
        ],
        "Jacobi": [
            4.0,
            2.0,
            3.0,
            4.0,
            5.0
        ],
        "Relaxation": [
            3.0,
            2.0,
            3.0,
            4.0,
            5.0
        ],
        "Seidel": [
            2.0,
            2.0,
            3.0,
            4.0,
            5.0
        ]
    },
    "12": {
        "Gauss": [
            0.1541092298752974,
            0.08149540026786577,
            0.3446328005336161,
            -0.7250814020572715
        ],
        "Jacobi": [
            4.0,
            2.0,
            3.0,
            4.0,
            5.0
        ],
        "Relaxation": [
            3.0,
            2.0,
            3.0,
            4.0,
            5.0
        ],
        "Seidel": [
            2.0,
            2.0,
            3.0,
            4.0,
            5.0
        ]
    },
    "13": {
        "Gauss": [
            -0.3325132645371562,
            -1.024189567231119,
            0.16474468974998538,
            10.401523527703016
        ],
        "Jacobi": [
            4.0,
            2.0,
            3.0,
            4.0,
            5.0
        ],
        "Relaxation": [
            3.0,
            2.0,
            3.0,
            4.0,
            5.0
        ],
        "Seidel": [
            2.0,
            2.0,
            3.0,
            4.0,
            5.0
        ]
    },
    "14": {
        "Gauss": [
            -0.038992663672746876,
            0.0649229710216342,
            0.008421523171520014,
            0.7426274909193764
        ],
        "Jacobi": [
            4.0,
            2.0,
            3.0,
            4.0,
            5.0
        ],
        "Relaxation": [
            3.0,
            2.0,
            3.0,
            4.0,
            5.0
        ],
        "Seidel": [
            2.0,
            2.0,
            3.0,
            4.0,
            5.0
        ]
    },
    "15": {
        "Gauss": [
            0.1440774610344337,
            0.10663608445013846,
            0.14220891659954735,
            -0.40703858704629975
        ],
        "Jacobi": [
            4.0,
            2.0,
            3.0,
            4.0,
            5.0
        ],
        "Relaxation": [
            3.0,
            2.0,
            3.0,
            4.0,
            5.0
        ],
        "Seidel": [
            2.0,
            2.0,
            3.0,
            4.0,
            5.0
        ]
    },
    "16": {
        "Gauss": [
            0.18330497596649392,
            0.11791034202752736,
            0.1761864915462944,
            0.04648057270738237
        ],
        "Jacobi": [
            4.0,
            2.0,
            3.0,
            4.0,
            5.0
        ],
        "Relaxation": [
            3.0,
            2.0,
            3.0,
            4.0,
            5.0
        ],
        "Seidel": [
            2.0,
            2.0,
            3.0,
            4.0,
            5.0
        ]
    },
    "17": {
        "Gauss": [
            -0.31468951720163446,
            -0.5579938333889193,
            0.14711090156662315,
            5.429600902326854
        ],
        "Jacobi": [
            4.0,
            2.0,
            3.0,
            4.0,
            5.0
        ],
        "Relaxation": [
            3.0,
            2.0,
            3.0,
            4.0,
            5.0
        ],
        "Seidel": [
            2.0,
            2.0,
            3.0,
            4.0,
            5.0
        ]
    },
    "18": {
        "Gauss": [
            0.13259117161754422,
            -0.17131191440957216,
            -1.4648993908722432,
            5.556083502157007
        ],
        "Jacobi": [
            4.0,
            2.0,
            3.0,
            4.0,
            5.0
        ],
        "Relaxation": [
            3.0,
            2.0,
            3.0,
            4.0,
            5.0
        ],
        "Seidel": [
            2.0,
            2.0,
            3.0,
            4.0,
            5.0
        ]
    },
    "19": {
        "Gauss": [
            0.1528212511964288,
            0.29793696103614764,
            0.08456066905926768,
            -2.4756600887427336
        ],
        "Jacobi": [
            4.0,
            2.0,
            3.0,
            4.0,
            5.0
        ],
        "Relaxation": [
            3.0,
            2.0,
            3.0,
            4.0,
            5.0
        ],
        "Seidel": [
            2.0,
            2.0,
            3.0,
            4.0,
            5.0
        ]
    },
    "2": {
        "Gauss": [
            0.444453583482202,
            -0.07455247026195268,
            0.10906335024352871,
            0.16221292892596245
        ],
        "Jacobi": [
            4.0,
            2.0,
            3.0,
            4.0,
            5.0
        ],
        "Relaxation": [
            3.0,
            2.0,
            3.0,
            4.0,
            5.0
        ],
        "Seidel": [
            2.0,
            2.0,
            3.0,
            4.0,
            5.0
        ]
    },
    "20": {
        "Gauss": [
            -0.053144574552454686,
            -0.5807237657435244,
            -1.0393506230657739,
            5.020218067716991
        ],
        "Jacobi": [
            4.0,
            2.0,
            3.0,
            4.0,
            5.0
        ],
        "Relaxation": [
            3.0,
            2.0,
            3.0,
            4.0,
            5.0
        ],
        "Seidel": [
            2.0,
            2.0,
            3.0,
            4.0,
            5.0
        ]
    },
    "21": {
        "Gauss": [
            0.08233746966318571,
            0.13165817712422387,
            0.4622942633955799,
            -0.8988757755498151
        ],
        "Jacobi": [
            4.0,
            2.0,
            3.0,
            4.0,
            5.0
        ],
        "Relaxation": [
            3.0,
            2.0,
            3.0,
            4.0,
            5.0
        ],
        "Seidel": [
            2.0,
            2.0,
            3.0,
            4.0,
            5.0
        ]
    },
    "22": {
        "Gauss": [
            0.023510209533240792,
            -0.22368049299189152,
            -0.08795003912762402,
            3.0024286243462894
        ],