{
    "((A + B - C) / A) * ((D * E) / (D - E))": {
        "absoluteError": 0.28194444444444444,
        "relativeError": 1.3533333333333335,
        "value": 4.800000000000001
    },
    "((A + B) / C - C / (D - E)) * (A / C)": {
        "absoluteError": 0.5584905660377358,
        "relativeError": 2.96,
        "value": 5.3
    },
    "((A - B) * (B + C)) / ((C - D) * (D + E))": {
        "absoluteError": 0.9757575757575758,
        "relativeError": 1.0733333333333335,
        "value": 1.1
    },
    "(A * B * C - A * B - A) / (D + E)": {
        "absoluteError": 0.042133333333333335,
        "relativeError": 0.3370666666666667,
        "value": 8.0
    },
    "(A * B - C * D) / ((A + B) * (C - D))": {
        "absoluteError": 2.4480000000000004,
        "relativeError": 0.7650000000000001,
        "value": -0.3125
    },
    "(A * B) / C + (A * D) / E + B - D": {
        "absoluteError": 0.14424552429667514,
        "relativeError": 0.408695652173913,
        "value": 2.833333333333334
    },
    "(A + B + C) / (D / E) - (D - E) / A": {
        "absoluteError": 0.1525826446280992,
        "relativeError": 3.6925000000000003,
        "value": 24.2
    },
    "(A + B) / (C * D) + (C - D) / (A * B)": {
        "absoluteError": 2.7752192982456143,
        "relativeError": 5.272916666666667,
        "value": 1.9000000000000001
    },
    "(A - B) / C + (A + B) * (C - D) * E": {
        "absoluteError": 0.017345240843336412,
        "relativeError": 2.504652777777778,
        "value": 144.4
    },
    "A * B + C / D - D * E + D / E": {
        "absoluteError": 0.16710714285714284,
        "relativeError": 0.7798333333333334,
        "value": 4.666666666666667
    }
}